Codigo distrito;Nombre distrito;Fecha datos;Indice de Vulnerabilidad Territorial Agregado;Indice de Vulnerabilidad Territorial Agregado - media ciudad;Índice de Vulnerabilidad Bienestar Social e Igualdad;Índice de Vulnerabilidad Bienestar Social e Igualdad - media ciudad;Índice de Vulnerabilidad Medio Ambiente Urbano y Movilidad;Índice de Vulnerabilidad Medio Ambiente Urbano y Movilidad - media ciudad;Índice de Vulnerabilidad Educación y Cultura;Índice de Vulnerabilidad Educación y Cultura - media ciudad;Índice de Vulnerabilidad Economía y Empleo;Índice de Vulnerabilidad Economía y Empleo - media ciudad;Índice de Vulnerabilidad Salud;Índice de Vulnerabilidad Salud - media ciudad
1;Centro;2020;5,53;4,85;5,98;4,76;7,25;4,78;3,79;4,93;4,62;5,02;6,25;4,73
2;Arganzuela;2020;3,84;4,85;4,28;4,76;4,02;4,78;3,04;4,93;3,49;5,02;4,30;4,73
3;Retiro;2020;3,85;4,85;4,11;4,76;5,13;4,78;2,32;4,93;3,41;5,02;4,36;4,73
4;Salamanca;2020;4,24;4,85;4,62;4,76;6,41;4,78;3,49;4,93;2,92;5,02;4,21;4,73
5;Chamartín;2020;4,27;4,85;4,36;4,76;5,90;4,78;3,50;4,93;3,54;5,02;4,35;4,73
6;Tetuán;2020;5,34;4,85;4,53;4,76;6,67;4,78;6,84;4,93;4,94;5,02;4,30;4,73
7;Chamberí;2020;5,30;4,85;4,25;4,76;10,08;4,78;3,95;4,93;3,64;5,02;5,92;4,73
8;Fuencarral-El Pardo;2020;4,15;4,85;3,91;4,76;3,50;4,78;3,82;4,93;4,70;5,02;4,69;4,73
9;Moncloa-Aravaca;2020;3,79;4,85;3,97;4,76;3,67;4,78;3,14;4,93;3,04;5,02;5,38;4,73
10;Latina;2020;5,01;4,85;4,50;4,76;4,38;4,78;5,75;4,93;5,94;5,02;4,26;4,73
11;Carabanchel;2020;5,74;4,85;5,51;4,76;4,18;4,78;6,88;4,93;7,17;5,02;4,36;4,73
12;Usera;2020;5,73;4,85;5,16;4,76;3,54;4,78;6,99;4,93;6,43;5,02;6,46;4,73
13;Puente de Vallecas;2020;5,91;4,85;6,39;4,76;3,65;4,78;6,73;4,93;6,91;5,02;5,12;4,73
14;Moratalaz;2020;4,63;4,85;5,27;4,76;2,84;4,78;5,24;4,93;5,10;5,02;4,14;4,73
15;Ciudad Lineal;2020;4,77;4,85;4,26;4,76;5,44;4,78;3,85;4,93;5,86;5,02;4,16;4,73
16;Hortaleza;2020;4,11;4,85;3,85;4,76;4,99;4,78;3,81;4,93;3,73;5,02;4,47;4,73
17;Villaverde;2020;5,66;4,85;4,87;4,76;4,03;4,78;7,24;4,93;6,87;5,02;5,05;4,73
18;Villa de Vallecas;2020;5,32;4,85;5,87;4,76;3,90;4,78;6,89;4,93;5,16;5,02;4,59;4,73
19;Vicálvaro;2020;4,57;4,85;5,17;4,76;3,35;4,78;4,91;4,93;4,74;5,02;4,28;4,73
20;San Blas-Canillejas;2020;4,57;4,85;4,36;4,76;3,94;4,78;5,16;4,93;4,93;5,02;4,39;4,73
21;Barajas;2020;3,73;4,85;4,76;4,76;3,13;4,78;2,65;4,93;2,93;5,02;5,05;4,73
1;Centro;2021;5,57;4,83;6,56;4,78;6,01;4,78;3,40;4,95;5,22;4,92;6,36;4,70
2;Arganzuela;2021;3,81;4,83;4,17;4,78;4,25;4,78;3,09;4,95;3,43;4,92;4,12;4,70
3;Retiro;2021;3,82;4,83;4,19;4,78;5,00;4,78;2,57;4,95;2,85;4,92;4,82;4,70
4;Salamanca;2021;4,24;4,83;4,42;4,78;6,49;4,78;3,35;4,95;3,21;4,92;4,14;4,70
5;Chamartín;2021;3,89;4,83;3,93;4,78;5,70;4,78;3,04;4,95;2,84;4,92;4,42;4,70
6;Tetuán;2021;5,24;4,83;4,48;4,78;6,15;4,78;6,07;4,95;5,27;4,92;4,58;4,70
7;Chamberí;2021;5,56;4,83;4,46;4,78;11,54;4,78;4,23;4,95;3,10;4,92;6,25;4,70
8;Fuencarral-El Pardo;2021;3,80;4,83;4,29;4,78;3,51;4,78;3,41;4,95;3,23;4,92;4,61;4,70
9;Moncloa-Aravaca;2021;3,78;4,83;3,99;4,78;3,53;4,78;3,00;4,95;3,22;4,92;5,31;4,70
10;Latina;2021;4,78;4,83;4,46;4,78;3,95;4,78;5,56;4,95;5,49;4,92;4,28;4,70
11;Carabanchel;2021;5,84;4,83;5,55;4,78;5,27;4,78;7,23;4,95;6,70;4,92;4,15;4,70
12;Usera;2021;5,97;4,83;5,21;4,78;3,59;4,78;7,59;4,95;7,74;4,92;5,24;4,70
13;Puente de Vallecas;2021;6,28;4,83;6,68;4,78;3,51;4,78;7,60;4,95;7,83;4,92;4,79;4,70
14;Moratalaz;2021;4,81;4,83;5,63;4,78;2,83;4,78;5,81;4,95;5,01;4,92;4,28;4,70
15;Ciudad Lineal;2021;4,42;4,83;4,22;4,78;4,98;4,78;4,06;4,95;4,52;4,92;4,36;4,70
16;Hortaleza;2021;4,04;4,83;3,64;4,78;4,74;4,78;3,79;4,95;3,56;4,92;4,92;4,70
17;Villaverde;2021;5,66;4,83;4,86;4,78;3,98;4,78;6,88;4,95;7,39;4,92;4,70;4,70
18;Villa de Vallecas;2021;5,44;4,83;5,62;4,78;4,17;4,78;6,53;4,95;6,01;4,92;4,50;4,70
19;Vicálvaro;2021;4,92;4,83;4,96;4,78;3,56;4,78;5,86;4,95;5,32;4,92;4,70;4,70
20;San Blas-Canillejas;2021;4,48;4,83;4,21;4,78;3,92;4,78;4,92;4,95;4,94;4,92;4,30;4,70
21;Barajas;2021;3,65;4,83;4,47;4,78;3,31;4,78;2,03;4,95;3,12;4,92;5,18;4,70
1;Centro;2022;5,78;4,81;6,61;4,73;6,42;4,72;3,39;4,93;5,26;4,93;7,06;4,70
2;Arganzuela;2022;3,88;4,81;4,03;4,73;4,52;4,72;3,17;4,93;3,40;4,93;4,47;4,70
3;Retiro;2022;3,71;4,81;4,23;4,73;4,54;4,72;2,63;4,93;2,89;4,93;4,39;4,70
4;Salamanca;2022;4,33;4,81;4,43;4,73;7,03;4,72;3,41;4,93;3,08;4,93;4,26;4,70
5;Chamartín;2022;3,90;4,81;4,03;4,73;5,24;4,72;3,44;4,93;2,80;4,93;4,44;4,70
6;Tetuán;2022;4,89;4,81;4,09;4,73;5,74;4,72;5,40;4,93;5,16;4,93;4,30;4,70
7;Chamberí;2022;5,69;4,81;4,20;4,73;12,32;4,72;4,48;4,93;3,03;4,93;6,48;4,70
8;Fuencarral-El Pardo;2022;3,80;4,81;4,01;4,73;3,92;4,72;3,36;4,93;3,30;4,93;4,54;4,70
9;Moncloa-Aravaca;2022;3,67;4,81;3,81;4,73;3,16;4,72;2,85;4,93;3,19;4,93;5,49;4,70
10;Latina;2022;4,91;4,81;4,86;4,73;3,91;4,72;5,60;4,93;5,57;4,93;4,29;4,70
11;Carabanchel;2022;5,44;4,81;4,79;4,73;3,98;4,72;7,31;4,93;6,65;4,93;4,16;4,70
12;Usera;2022;5,90;4,81;5,58;4,73;3,30;4,72;6,96;4,93;7,81;4,93;5,06;4,70
13;Puente de Vallecas;2022;6,22;4,81;6,60;4,73;3,65;4,72;7,34;4,93;7,82;4,93;4,69;4,70
14;Moratalaz;2022;5,06;4,81;6,24;4,73;2,86;4,72;6,25;4,93;5,14;4,93;4,16;4,70
15;Ciudad Lineal;2022;4,24;4,81;4,12;4,73;4,39;4,72;4,11;4,93;4,46;4,93;4,07;4,70
16;Hortaleza;2022;4,08;4,81;3,80;4,73;4,68;4,72;3,60;4,93;3,65;4,93;5,02;4,70
17;Villaverde;2022;5,80;4,81;5,18;4,73;4,38;4,72;7,12;4,93;7,23;4,93;4,70;4,70
18;Villa de Vallecas;2022;5,36;4,81;5,48;4,73;4,19;4,72;6,54;4,93;5,92;4,93;4,34;4,70
19;Vicálvaro;2022;4,91;4,81;5,06;4,73;4,03;4,72;5,30;4,93;5,32;4,93;4,54;4,70
20;San Blas-Canillejas;2022;4,59;4,81;4,01;4,73;4,23;4,72;5,07;4,93;5,13;4,93;4,55;4,70
21;Barajas;2022;3,87;4,81;4,83;4,73;3,53;4,72;2,66;4,93;3,19;4,93;4,99;4,70
1;Centro;2023;5,66;4,81;6,17;4,73;6,37;4,71;3,46;4,95;5,04;4,94;7,32;4,72
2;Arganzuela;2023;3,99;4,81;4,68;4,73;4,53;4,71;3,08;4,95;3,38;4,94;4,28;4,72
3;Retiro;2023;3,77;4,81;4,36;4,73;4,44;4,71;2,64;4,95;2,96;4,94;4,54;4,72
4;Salamanca;2023;4,29;4,81;4,30;4,73;6,92;4,71;3,36;4,95;3,16;4,94;4,25;4,72
5;Chamartín;2023;3,99;4,81;4,21;4,73;5,17;4,71;3,51;4,95;2,85;4,94;4,69;4,72
6;Tetuán;2023;4,81;4,81;3,86;4,73;5,68;4,71;5,58;4,95;5,03;4,94;4,24;4,72
7;Chamberí;2023;5,53;4,81;4,17;4,73;12,70;4,71;4,42;4,95;3,01;4,94;5,31;4,72
8;Fuencarral-El Pardo;2023;3,79;4,81;3,95;4,73;3,88;4,71;3,35;4,95;3,35;4,94;4,57;4,72
9;Moncloa-Aravaca;2023;3,73;4,81;4,08;4,73;3,14;4,71;2,95;4,95;3,23;4,94;5,31;4,72
10;Latina;2023;4,86;4,81;4,54;4,73;3,83;4,71;5,70;4,95;5,61;4,94;4,44;4,72
11;Carabanchel;2023;5,41;4,81;4,79;4,73;3,95;4,71;7,19;4,95;6,61;4,94;4,24;4,72
12;Usera;2023;5,76;4,81;5,42;4,73;3,30;4,71;6,96;4,95;7,35;4,94;5,12;4,72
13;Puente de Vallecas;2023;6,37;4,81;7,13;4,73;3,69;4,71;7,47;4,95;7,73;4,94;4,75;4,72
14;Moratalaz;2023;5,21;4,81;6,75;4,73;2,86;4,71;6,00;4,95;5,33;4,94;4,28;4,72
15;Ciudad Lineal;2023;4,27;4,81;3,89;4,73;4,41;4,71;4,22;4,95;4,55;4,94;4,32;4,72
16;Hortaleza;2023;4,12;4,81;3,86;4,73;4,61;4,71;3,57;4,95;3,69;4,94;5,20;4,72
17;Villaverde;2023;5,76;4,81;5,02;4,73;4,44;4,71;6,99;4,95;7,29;4,94;4,69;4,72
18;Villa de Vallecas;2023;5,29;4,81;5,12;4,73;4,21;4,71;6,53;4,95;5,99;4,94;4,32;4,72
19;Vicálvaro;2023;4,87;4,81;4,79;4,73;4,13;4,71;5,22;4,95;5,41;4,94;4,55;4,72
20;San Blas-Canillejas;2023;4,64;4,81;4,08;4,73;4,22;4,71;5,03;4,95;5,31;4,94;4,52;4,72
21;Barajas;2023;3,88;4,81;4,83;4,73;3,51;4,71;2,79;4,95;3,14;4,94;5,06;4,72
1;Centro;2024;5,89;4,83;6,45;4,73;6,66;4,76;3,80;4,98;5,13;4,96;7,49;4,73
2;Arganzuela;2024;4,11;4,83;4,98;4,73;4,69;4,76;3,13;4,98;3,39;4,96;4,27;4,73
3;Retiro;2024;3,87;4,83;4,77;4,73;4,62;4,76;2,59;4,98;2,89;4,96;4,50;4,73
4;Salamanca;2024;4,09;4,83;3,55;4,73;7,08;4,76;2,95;4,98;3,25;4,96;4,30;4,73
5;Chamartín;2024;3,97;4,83;4,36;4,73;5,43;4,76;2,93;4,98;2,78;4,96;4,76;4,73
6;Tetuán;2024;4,69;4,83;3,78;4,73;5,83;4,76;4,96;4,98;4,98;4,96;4,18;4,73
7;Chamberí;2024;5,59;4,83;4,11;4,73;12,86;4,76;4,57;4,98;3,04;4,96;5,41;4,73
8;Fuencarral-El Pardo;2024;3,93;4,83;4,10;4,73;4,29;4,76;3,46;4,98;3,34;4,96;4,67;4,73
9;Moncloa-Aravaca;2024;3,65;4,83;3,62;4,73;3,34;4,76;2,95;4,98;3,20;4,96;5,39;4,73
10;Latina;2024;4,97;4,83;4,46;4,73;4,08;4,76;5,92;4,98;5,74;4,96;4,50;4,73
11;Carabanchel;2024;5,44;4,83;4,71;4,73;4,17;4,76;7,07;4,98;6,65;4,96;4,38;4,73
12;Usera;2024;5,93;4,83;5,53;4,73;3,50;4,76;7,65;4,98;7,40;4,96;5,04;4,73
13;Puente de Vallecas;2024;6,42;4,83;6,84;4,73;3,93;4,76;7,87;4,98;7,80;4,96;4,76;4,73
14;Moratalaz;2024;5,08;4,83;5,95;4,73;3,05;4,76;6,12;4,98;5,34;4,96;4,36;4,73
15;Ciudad Lineal;2024;4,34;4,83;4,05;4,73;4,73;4,76;4,24;4,98;4,54;4,96;4,18;4,73
16;Hortaleza;2024;4,09;4,83;4,17;4,73;3,96;4,76;3,65;4,98;3,65;4,96;5,22;4,73
17;Villaverde;2024;5,64;4,83;4,81;4,73;3,82;4,76;7,14;4,98;7,36;4,96;4,62;4,73
18;Villa de Vallecas;2024;5,23;4,83;5,58;4,73;3,59;4,76;6,44;4,98;5,88;4,96;4,17;4,73
19;Vicálvaro;2024;4,72;4,83;4,99;4,73;3,60;4,76;5,15;4,98;5,16;4,96;4,33;4,73
20;San Blas-Canillejas;2024;4,57;4,83;4,06;4,73;3,84;4,76;4,93;4,98;5,38;4,96;4,50;4,73
21;Barajas;2024;3,78;4,83;5,13;4,73;2,92;4,76;2,48;4,98;3,10;4,96;4,96;4,73
